bonus,completed,pid,version
0.0,False,0,0.1
0.10999999999999999,True,1,0.1
0.0,False,2,0.1
0.09999999999999999,True,3,0.1
